,ID,TIME,FEATURE_0,FEATURE_1,ACTION,RISK,OG_CLUSTER
0,0,0,0.24893931431431393,-0.3766731294537885,2,-0.004,0
1,0,1,1.6278105306675963,-0.044762907187558376,1,-0.004,1
2,0,2,1.6041691798263213,-1.546286537369447,2,-0.004,6
3,0,3,1.1539097557614446,-1.5218293518862327,0,-0.004,6
4,0,4,1.1223800680855311,-0.31351715271061875,0,-0.004,1
5,0,5,1.3231155489270128,-0.008885110857708711,2,-0.004,1
6,0,6,2.8916888244160512,-0.5719407301161978,1,-0.004,2
7,0,7,2.882320963075724,-1.9321719035477392,1,-0.004,7
8,0,8,2.357014438711694,-2.0643825702745717,1,-0.004,12
9,0,9,2.025348399050329,-3.7200569971019,1,-0.004,17
10,0,10,2.3964136329397383,-4.669862688249872,3,-0.004,22
11,0,11,1.4725283537977307,-4.587688570254777,2,-0.004,21
12,0,12,2.7575795556998144,-4.520836769815659,2,-0.004,22
13,0,13,3.996041282817096,-4.032757527067107,0,-0.004,23
14,0,14,3.1829268154256383,-3.577523720297878,2,-0.004,18
15,0,15,3.1761743612089264,-3.6302711904992133,2,-0.004,18
16,0,16,3.548724865253547,-3.1092046774816726,0,-0.004,18
17,0,17,3.3034825115120974,-2.6271576473693785,0,-0.004,13
18,0,18,3.2344884652808705,-1.9885031699615796,3,-0.004,8
19,0,19,3.9832421789563144,-1.122230082683437,3,-0.004,8
20,0,20,3.7909688618637842,-1.1220633045445532,2,-0.004,8
21,0,21,4.717595237078131,-1.1199975126285961,1,-0.004,9
22,0,22,4.531620300251285,-2.140486035085087,2,-0.004,14
23,0,23,4.484079919313757,-2.538274138981412,0,-0.004,14
24,0,24,4.035031110762885,-1.6271736022961263,1,-0.004,9
25,0,25,4.691084684293024,-2.732080833715579,1,-0.004,14
26,0,26,4.54403758993241,-3.76737566521136,3,-0.004,19
27,0,27,4.002199499259902,-3.4087795263510063,0,-0.004,19
28,0,28,4.440430319375225,-2.6612563919478407,1,-0.004,14
29,0,29,4.348716913535722,-3.749205446001225,1,-0.004,19
30,0,30,4.897693493286111,-4.311608482506178,None,1.0,24
31,1,0,0.7784318073861447,-0.0753390127443806,3,-0.004,0
32,1,1,0.7504178176903061,-0.5319989791382245,2,-0.004,0
33,1,2,1.904761241461429,-0.662155828083987,2,-0.004,1
34,1,3,2.9620546600561712,-0.21236457076336057,1,-0.004,2
35,1,4,2.1494118896054006,-1.4300715728772664,3,-0.004,7
36,1,5,2.3026289962356534,-1.4555894554292093,1,-0.004,7
37,1,6,2.60357106875146,-2.2906209744226764,1,-0.004,12
38,1,7,2.6850068509215905,-3.791651038816462,1,-0.004,17
39,1,8,2.470444262359824,-4.69356163306041,3,-0.004,22
40,1,9,1.265750041895493,-4.072029048635884,2,-0.004,21
41,1,10,2.678964125369493,-4.291919112104198,0,-0.004,22
42,1,11,2.1219880172848917,-3.693458477312621,0,-0.004,17
43,1,12,2.004556144707363,-2.230189194538084,1,-0.004,12
44,1,13,2.8363255016868667,-3.835132112233696,3,-0.004,17
45,1,14,2.036236261020666,-3.424914094062737,0,-0.004,17
46,1,15,2.0598082063416627,-2.0878823330696576,1,-0.004,12
47,1,16,2.0783845771468847,-3.5439062596590585,1,-0.004,17
48,1,17,2.0418095811503543,-4.69598914109574,2,-0.004,22
49,1,18,3.375134818379411,-4.496646566228264,0,-0.004,23
50,1,19,3.2235514613672596,-3.956672812688079,3,-0.004,18
51,1,20,3.8635207494913546,-3.050225262417586,0,-0.004,18
52,1,21,3.9534201399093623,-2.2000771039516995,0,-0.004,13
53,1,22,3.083690183471899,-1.154433667732273,0,-0.004,8
54,1,23,3.667877582142821,-1.8774648620385588,2,-0.004,8
55,1,24,4.915714583045036,-1.9355093296268175,2,-0.004,9
56,1,25,4.649148658655669,-1.696112037391479,1,-0.004,9
57,1,26,4.043646655376819,-2.2634969674550893,1,-0.004,14
58,1,27,4.9497278568073115,-3.5453670861016238,1,-0.004,19
59,1,28,4.10653573658339,-4.9046917747159435,None,1.0,24
60,2,0,0.5188052069575286,-0.39939757132756715,2,-0.004,0
61,2,1,1.3137237163170428,-0.3364160220381289,2,-0.004,1
62,2,2,2.202272668201001,-0.43820229407620925,1,-0.004,2
63,2,3,2.703982024980183,-1.6414483595720646,1,-0.004,7
64,2,4,2.7310727356354043,-2.109184386946389,1,-0.004,12
65,2,5,2.9606943533099743,-3.8012204455009604,1,-0.004,17
66,2,6,2.3022440569426212,-4.247844532851162,2,-0.004,22
67,2,7,3.9718382121023,-4.0430456391330605,3,-0.004,23
68,2,8,2.3492322582706473,-4.033455284622369,2,-0.004,22
69,2,9,3.8959481476257753,-4.66735641774888,0,-0.004,23
70,2,10,3.3053494069860934,-3.482134777522689,0,-0.004,18
71,2,11,3.361786868894932,-2.983626044847845,0,-0.004,13
72,2,12,3.2692884119614174,-1.831192214171239,2,-0.004,8
73,2,13,4.003783671707259,-1.8494731311863852,1,-0.004,9
74,2,14,4.834097313448332,-2.6717205539356734,1,-0.004,14
75,2,15,4.861687489597672,-3.1249196354606186,1,-0.004,19
76,2,16,4.714863772599308,-4.213325463068662,None,1.0,24
77,3,0,0.7111607979585759,-0.07990721933261413,2,-0.004,0
78,3,1,1.462274374699839,-0.35379464470438005,2,-0.004,1
79,3,2,2.437732004728262,-0.8300466688866622,1,-0.004,2
80,3,3,2.8593496375759093,-1.8093621229080976,0,-0.004,7
81,3,4,2.832431854567858,-0.6161224123775794,1,-0.004,2
82,3,5,2.9816828079265427,-1.6277287173533548,1,-0.004,7
83,3,6,2.2488581492011614,-2.8058533711236753,3,-0.004,12
84,3,7,2.2667423309972965,-2.4732149733014657,3,-0.004,12
85,3,8,2.4358118486323037,-2.3876504044499676,1,-0.004,12
86,3,9,2.792051144283006,-3.6375560431914113,3,-0.004,17
87,3,10,2.412598263077513,-3.8450439460322197,1,-0.004,17
88,3,11,2.0056289743491145,-4.730350356937344,2,-0.004,22
89,3,12,3.9167763041955364,-4.986169090304348,2,-0.004,23
90,3,13,3.2315358942697463,-4.170560429511547,2,-0.004,23
91,3,14,3.610180870502691,-4.732278198875546,0,-0.004,23
92,3,15,3.506034235781039,-3.9877342570527348,0,-0.004,18
93,3,16,3.82260382539258,-2.7410837822444756,1,-0.004,13
94,3,17,3.2671321616967575,-3.722419291317417,0,-0.004,18
95,3,18,3.7281801646765294,-2.000192390070662,1,-0.004,13
96,3,19,3.371910973952706,-3.965948089334306,0,-0.004,18
97,3,20,3.472747137195816,-2.6399273472577076,0,-0.004,13
98,3,21,3.4366461176717706,-1.732826958013249,2,-0.004,8
99,3,22,4.389489067115588,-1.2967896897647329,3,-0.004,9
100,3,23,3.0762410291701494,-1.8639718102565346,2,-0.004,8
101,3,24,4.5914287243910685,-1.0715213230523255,3,-0.004,9
102,3,25,3.5886391643541775,-1.8038818602660056,1,-0.004,8
103,3,26,3.714891940041565,-2.231256127004186,2,-0.004,13
104,3,27,3.5100114502671165,-2.3282073060902335,1,-0.004,13
105,3,28,3.8788446570197723,-3.3315575775917043,0,-0.004,18
106,3,29,3.170657981533692,-2.7226457797976082,0,-0.004,13
107,4,0,0.7669769527964596,-0.7742070643209884,2,-0.004,0
108,4,1,1.4695945681410292,-0.09617912723348188,2,-0.004,1
109,4,2,2.2000395574001987,-0.5716942177290929,1,-0.004,2
110,4,3,2.2562637350036963,-1.3506906391581976,1,-0.004,7
111,4,4,2.901661331554705,-2.1120095242684838,2,-0.004,12
112,4,5,2.931578167550705,-2.956842080258778,2,-0.004,12
113,4,6,2.3045607323275954,-2.134646704293477,3,-0.004,12
114,4,7,2.1583973743456433,-2.543173658857852,3,-0.004,12
115,4,8,2.9303456817900324,-2.059273483897945,1,-0.004,12
116,4,9,2.2983746767551083,-3.9624640886345044,1,-0.004,17
117,4,10,2.238565007165572,-4.589191308592631,2,-0.004,22
118,4,11,3.959710917231856,-4.470799133686042,0,-0.004,23
119,4,12,3.585064407529413,-3.840684963321423,0,-0.004,18
120,4,13,3.4096780383670735,-2.7517826880714447,0,-0.004,13
121,4,14,3.9915699753542775,-1.3446932720876732,2,-0.004,8
122,4,15,4.969820048585449,-1.463974746951037,1,-0.004,9
123,4,16,4.3182305693863725,-2.826322752485273,3,-0.004,14
124,4,17,4.887365131087321,-2.3658121498697793,1,-0.004,14
125,4,18,4.832134511613206,-3.847580924262349,3,-0.004,19
126,4,19,4.627885458285277,-3.044624056010532,2,-0.004,19
127,4,20,4.379038180592464,-3.6502213888470187,2,-0.004,19
128,4,21,4.931218665467128,-3.957927099228572,1,-0.004,19
129,4,22,4.6142179966801296,-4.494050105042,None,1.0,24
130,5,0,0.9185146296490946,-0.5635210382199594,2,-0.004,0
131,5,1,1.4458844378494553,-0.7141152538650508,2,-0.004,1
132,5,2,2.1096114355480973,-0.6483020056021976,3,-0.004,2
133,5,3,1.3513132779735337,-0.1945573840358238,2,-0.004,1
134,5,4,2.641161116474183,-0.5083685556346026,1,-0.004,2
135,5,5,2.227816311567447,-1.7167847628866517,2,-0.004,7
136,5,6,2.431745329203081,-1.1958193711034673,2,-0.004,7
137,5,7,2.696993975451204,-1.2122569021462795,1,-0.004,7
138,5,8,2.4115627669656026,-2.0434443328211116,1,-0.004,12
139,5,9,2.5880880715490426,-3.1327415244657564,1,-0.004,17
140,5,10,2.6634546119218276,-4.732635546585071,2,-0.004,22
141,5,11,3.2694545323183393,-4.093345326908915,0,-0.004,23
142,5,12,3.7008907875599557,-3.7525940660382027,2,-0.004,18
143,5,13,3.843779687875673,-3.9744934138418704,1,-0.004,18
144,5,14,3.137999728918204,-4.83725672681088,0,-0.004,23
145,5,15,3.565239313065384,-3.816988099348403,0,-0.004,18
146,5,16,3.226440760211494,-2.2591979368630706,0,-0.004,13
147,5,17,3.9580338329690434,-1.5821764359670638,2,-0.004,8
148,5,18,4.781707339086998,-1.5109153535694704,1,-0.004,9
149,5,19,4.0357657178023505,-2.612745578400445,1,-0.004,14
150,5,20,4.772890200053672,-3.3278160792325995,1,-0.004,19
151,5,21,4.215382423131175,-4.265855265365956,None,1.0,24
152,6,0,0.5159772137870274,-0.8570198271594885,2,-0.004,0
153,6,1,1.5238436905132255,-0.419923965256523,3,-0.004,1
154,6,2,0.16393956561982526,-0.44493255809648535,3,-0.004,0
155,6,3,0.7745921585043024,-0.024779714876784098,0,-0.004,0
156,6,4,0.8841430397986852,-0.49442679975708015,2,-0.004,0
157,6,5,1.6251419023629174,-0.8026280824301272,3,-0.004,1
158,6,6,0.3489359224177865,-0.16021842331854896,2,-0.004,0
159,6,7,1.0375309968572242,-0.4323364736882084,2,-0.004,1
160,6,8,2.602770998866876,-0.2559849191402861,1,-0.004,2
161,6,9,2.7858638138691854,-1.1499229372790551,2,-0.004,7
162,6,10,2.9047006698631126,-1.6316527912933123,1,-0.004,7
163,6,11,2.8381452892860914,-2.489963559912845,1,-0.004,12
164,6,12,2.7580490550680254,-3.201186175086525,1,-0.004,17
165,6,13,2.3873719819908112,-4.007071745717924,2,-0.004,22
166,6,14,3.884439286144951,-4.055496109504311,0,-0.004,23
167,6,15,3.3236636690354886,-3.7330222909485435,0,-0.004,18
168,6,16,3.4041675383596757,-2.687766584287957,2,-0.004,13
169,6,17,3.528518243953739,-2.4442177290906786,0,-0.004,13
170,6,18,3.6783272097013247,-1.8435540830209147,2,-0.004,8
171,6,19,4.019380106247572,-1.5062737135192805,1,-0.004,9
172,6,20,4.433822003369058,-2.0296803296918093,1,-0.004,14
173,6,21,4.866812505729785,-3.1840870260190015,2,-0.004,19
174,6,22,4.973889602479731,-3.1732482062839082,0,-0.004,19
175,6,23,4.338550961086589,-2.2428441883697405,1,-0.004,14
176,6,24,4.370333807553505,-3.180151472119681,1,-0.004,19
177,6,25,4.9620661591125845,-4.513996883253844,None,1.0,24
178,7,0,0.2490765272051918,-0.6345700986547477,2,-0.004,0
179,7,1,1.4873607983042185,-0.7286913927021157,2,-0.004,1
180,7,2,2.955570242227248,-0.7106573138294111,1,-0.004,2
181,7,3,2.6423866090231405,-1.0239205296721683,3,-0.004,7
182,7,4,2.8192960912003873,-1.8679087502676328,1,-0.004,7
183,7,5,2.120915893254371,-2.0679262330939894,1,-0.004,12
184,7,6,2.5679561692828843,-3.681693266351194,2,-0.004,17
185,7,7,2.237753584345537,-3.3682203445116325,1,-0.004,17
186,7,8,2.8586055537641575,-4.276746777566625,2,-0.004,22
187,7,9,3.1524143385169685,-4.391642405425918,2,-0.004,23
188,7,10,3.1663189285218443,-4.57137264278718,0,-0.004,23
189,7,11,3.3089871898010728,-3.4226804986318657,0,-0.004,18
190,7,12,3.2907129814163576,-2.4441798040764624,1,-0.004,13
191,7,13,3.786108380082002,-3.5538485558933415,0,-0.004,18
192,7,14,3.187341543053247,-2.1247140607535613,0,-0.004,13
193,7,15,3.338317792630219,-1.4374610857526882,2,-0.004,8
194,7,16,4.71164579764053,-1.8097562920909627,1,-0.004,9
195,7,17,4.460429769770419,-2.6608805963746534,1,-0.004,14
196,7,18,4.866599171928902,-3.05720754350609,1,-0.004,19
197,7,19,4.372841229949731,-4.131227905359312,None,1.0,24
198,8,0,0.2822901514166217,-0.7570131301094254,1,-0.004,0
199,8,1,0.289836198335541,-0.9027673609411783,2,-0.004,0
200,8,2,1.4230039024620815,-0.030983376228517656,2,-0.004,1
201,8,3,2.9011314973629783,-0.16603521518387643,1,-0.004,2
202,8,4,2.6836883738717665,-1.989832925764987,1,-0.004,7
203,8,5,2.981396544648714,-2.7092040035922835,3,-0.004,12
204,8,6,2.21985313243895,-2.7406660465043085,0,-0.004,12
205,8,7,2.601264101776952,-1.951429600120539,1,-0.004,7
206,8,8,2.4161214003032407,-2.3417735705614304,1,-0.004,12
207,8,9,2.2480353832306204,-3.0170369992460957,1,-0.004,17
208,8,10,2.1908296291091154,-4.35064924340464,2,-0.004,22
209,8,11,3.7055118608475137,-4.922435746530703,0,-0.004,23
210,8,12,3.1936139089184237,-3.21124350778307,2,-0.004,18
211,8,13,3.705874361066244,-3.6641600258243763,0,-0.004,18
212,8,14,3.8176836856625957,-2.7873166119729973,0,-0.004,13
213,8,15,3.0209821174116214,-1.3050264970821117,2,-0.004,8
214,8,16,4.605697768530508,-1.7011165865096478,1,-0.004,9
215,8,17,4.729400376227322,-2.728558134257396,1,-0.004,14
216,8,18,4.319083565327851,-3.5177566500315494,1,-0.004,19
217,8,19,4.741781115422674,-4.701699014317352,None,1.0,24
218,9,0,0.04418856922610381,-0.851091373520542,2,-0.004,0
219,9,1,1.9834707104558587,-0.6045949615280385,3,-0.004,1
220,9,2,0.8728204955282112,-0.7501944778295744,2,-0.004,0
221,9,3,1.1065412850679874,-0.939225620964621,1,-0.004,1
222,9,4,1.7122038980778802,-1.2043390611836964,2,-0.004,6
223,9,5,1.2410757142029087,-1.7990889980545197,1,-0.004,6
224,9,6,1.8278247236627008,-2.7252277915072334,0,-0.004,11
225,9,7,1.7185313112542007,-1.331664690104643,0,-0.004,6
226,9,8,1.5480942342430504,-0.5674905511398037,2,-0.004,1
227,9,9,2.658007280209116,-0.19563963569690057,1,-0.004,2
228,9,10,2.7738390941110596,-1.8085599884927352,1,-0.004,7
229,9,11,2.462675024611931,-2.0533337980763675,1,-0.004,12
230,9,12,2.403717120225874,-3.374433925361081,1,-0.004,17
231,9,13,2.4701543981331375,-4.65870231236282,2,-0.004,22
232,9,14,3.982248642356791,-4.248253460386471,1,-0.004,23
233,9,15,3.815486390099535,-4.535943339299947,0,-0.004,23
234,9,16,3.2751724287458313,-3.0728229780242615,3,-0.004,18
235,9,17,3.2971519693165305,-3.500009209408969,1,-0.004,18
236,9,18,3.2698656782900133,-4.044229284982348,0,-0.004,23
237,9,19,3.4790663973138214,-3.503375013339356,2,-0.004,18
238,9,20,3.6827107740391374,-3.159311485736754,0,-0.004,18
239,9,21,3.9763535670966164,-2.0286046615849456,1,-0.004,13
240,9,22,3.5338678907013885,-3.628934598122267,0,-0.004,18
241,9,23,3.5314211584568276,-2.5566911115691155,2,-0.004,13
242,9,24,3.3011854564417114,-2.770986496678856,0,-0.004,13
243,9,25,3.6989966530989005,-1.8881155364228692,2,-0.004,8
244,9,26,4.468738752059921,-1.2155092258853535,1,-0.004,9
245,9,27,4.5300304396661994,-2.4992266992927235,1,-0.004,14
246,9,28,4.044862325461966,-3.4464275610268817,1,-0.004,19
247,9,29,4.841345567835937,-4.0892800341966025,None,1.0,24
248,10,0,0.12219813911370658,-0.9741527850756465,1,-0.004,0
249,10,1,0.5088013762041801,-0.049448446436631155,3,-0.004,0
250,10,2,0.6724581735575402,-0.3773646142841065,2,-0.004,0
251,10,3,1.4474935861775453,-0.18187412208650555,2,-0.004,1
252,10,4,2.0310991760509522,-0.4081778596200234,1,-0.004,2
253,10,5,2.213017238296451,-1.9057704093710166,1,-0.004,7
254,10,6,2.15749494610162,-2.36594576656434,1,-0.004,12
255,10,7,2.413563348069867,-3.0877827450598776,1,-0.004,17
256,10,8,2.2266911806502017,-4.713719759079984,2,-0.004,22
257,10,9,3.5801961760969063,-4.917719162193554,0,-0.004,23
258,10,10,3.0254017601926053,-3.0019306504618486,3,-0.004,18
259,10,11,3.563649967447431,-3.672906250633012,3,-0.004,18
260,10,12,3.5405273601667195,-3.186740136603503,0,-0.004,18
261,10,13,3.047499188674951,-2.6263853941161965,0,-0.004,13
262,10,14,3.6906180868643315,-1.3039976543577094,2,-0.004,8
263,10,15,4.361321399109872,-1.0384509669524449,1,-0.004,9
264,10,16,4.631308250107791,-2.4772260496924066,1,-0.004,14
265,10,17,4.570287421291956,-3.913852545280331,2,-0.004,19
266,10,18,4.943667429859758,-3.8747998726550326,1,-0.004,19
267,10,19,4.187864595827657,-4.085578671337904,None,1.0,24
268,11,0,0.5352434228995505,-0.37409205500389586,2,-0.004,0
269,11,1,1.8410008513868732,-0.7129146078727939,2,-0.004,1
270,11,2,2.2933970096760214,-0.35400986800069634,1,-0.004,2
271,11,3,2.7780103785672146,-1.038316280043103,1,-0.004,7
272,11,4,2.247819970560503,-2.9770527073377613,0,-0.004,12
273,11,5,2.6671334704666907,-1.9173489088765043,1,-0.004,7
274,11,6,2.507362787401075,-2.9070525658988937,2,-0.004,12
275,11,7,2.4443868346297473,-2.6029497449857315,1,-0.004,12
276,11,8,2.897601686109062,-3.5841244246314226,1,-0.004,17
277,11,9,2.2939188038608243,-4.225543107705307,2,-0.004,22
278,11,10,3.7247888401582303,-4.141646812462835,0,-0.004,23
279,11,11,3.598470086601089,-3.3620570679007122,0,-0.004,18
280,11,12,3.243240852435536,-2.530427688043967,0,-0.004,13
281,11,13,3.311559396590762,-1.115017520151721,2,-0.004,8
282,11,14,4.396354998786585,-1.534836469106203,1,-0.004,9
283,11,15,4.30867708492697,-2.066017930217414,1,-0.004,14
284,11,16,4.98076363717024,-3.2879308288397766,1,-0.004,19
285,11,17,4.205815512830544,-4.841709106380832,None,1.0,24
286,12,0,0.11268643660182365,-0.10790816841547535,3,-0.004,0
287,12,1,0.46281891421416055,-0.7554894396969315,0,-0.004,0
288,12,2,0.952612291877883,-0.7584992138342342,2,-0.004,0
289,12,3,1.0788990546045905,-0.41273298477696285,2,-0.004,1
290,12,4,2.265565013258562,-0.3740761360638267,1,-0.004,2
291,12,5,2.59111440507041,-1.3865213749617806,1,-0.004,7
292,12,6,2.3337882593924615,-2.002065114757973,1,-0.004,12
293,12,7,2.089861905146284,-3.309235513958184,1,-0.004,17
294,12,8,2.8094096994838993,-4.826046875937987,0,-0.004,22
295,12,9,2.1529004690101052,-3.423360649084261,1,-0.004,17
296,12,10,2.138362509122075,-4.834841221658899,2,-0.004,22
297,12,11,3.7705079954808176,-4.942147507231962,0,-0.004,23
298,12,12,3.6712919773497044,-3.1671197291510276,0,-0.004,18
299,12,13,3.8653312412305425,-2.8330240164814238,2,-0.004,13
300,12,14,3.229981480205857,-2.8310978472494694,0,-0.004,13
301,12,15,3.140335296097354,-1.688156373474516,2,-0.004,8
302,12,16,4.342127870601016,-1.8975472011540182,3,-0.004,9
303,12,17,3.9975912039503463,-1.0479239151266386,2,-0.004,8
304,12,18,4.883408652128593,-1.5187242070346514,1,-0.004,9
305,12,19,4.65250337273357,-2.841634833998708,2,-0.004,14
306,12,20,4.90300351373866,-2.9210861017957113,2,-0.004,14
307,12,21,4.703973541279969,-2.4541316094035865,3,-0.004,14
308,12,22,4.157573599003836,-2.00150016245654,3,-0.004,14
309,12,23,4.036778365911115,-2.942924545177498,2,-0.004,14
310,12,24,4.324378742244253,-2.374280354299667,1,-0.004,14
311,12,25,4.6310950686222485,-3.8895331111376104,1,-0.004,19
312,12,26,4.489600283272449,-4.185204342349044,None,1.0,24
313,13,0,0.6918990761833725,-0.23691534400995662,1,-0.004,0
314,13,1,0.004811428733435208,-0.5868411163381086,2,-0.004,0
315,13,2,1.4358134015888289,-0.5829995509139916,2,-0.004,1
316,13,3,2.4210421693074315,-0.5934678266845261,1,-0.004,2
317,13,4,2.5224748803688257,-1.3890154032853785,1,-0.004,7
318,13,5,2.3387496662174714,-2.4838813900384453,1,-0.004,12
319,13,6,2.880429965761568,-3.9283268496126293,2,-0.004,17
320,13,7,2.0610577079316696,-3.059181136649037,2,-0.004,17
321,13,8,2.501935421806274,-3.9131470549959424,1,-0.004,17
322,13,9,2.428859929014787,-4.532332878655682,2,-0.004,22
323,13,10,3.9289138115536937,-4.371812703455862,2,-0.004,23
324,13,11,3.5415555516450845,-4.563181816649518,2,-0.004,23
325,13,12,3.5420918126268623,-4.541836473929333,0,-0.004,23
326,13,13,3.63761082966111,-3.6612997556391322,0,-0.004,18
327,13,14,3.082209079095776,-2.79088854097214,0,-0.004,13
328,13,15,3.204858188931939,-1.5843028463624154,2,-0.004,8
329,13,16,4.543963898643107,-1.5780755034537526,1,-0.004,9
330,13,17,4.25980239183616,-2.0980527325456446,1,-0.004,14
331,13,18,4.877920095715555,-3.0626820314470375,0,-0.004,19
332,13,19,4.111367341105288,-2.6397929410906844,1,-0.004,14
333,13,20,4.400579805456501,-3.7997973618736878,0,-0.004,19
334,13,21,4.024862911209565,-2.8993223888767297,1,-0.004,14
335,13,22,4.285158847983333,-3.027209768413101,0,-0.004,19
336,13,23,4.352771159109071,-2.9614052968538576,3,-0.004,14
337,13,24,4.986985809064129,-2.006388084625089,1,-0.004,14
338,13,25,4.638259569815348,-3.6942490372674097,1,-0.004,19
339,13,26,4.4206539523959085,-4.649492319363777,None,1.0,24
340,14,0,0.7858997982472041,-0.7927143535050619,2,-0.004,0
341,14,1,1.5131419139694664,-0.7808065207104337,2,-0.004,1
342,14,2,2.2372155137662344,-0.08694983272652701,0,-0.004,2
343,14,3,2.4813020296145667,-0.6699533729351056,1,-0.004,2
344,14,4,2.381970420799461,-1.7506985623536928,0,-0.004,7
345,14,5,2.22384639200044,-0.2859726388239474,1,-0.004,2
346,14,6,2.123270694499964,-1.7281541814429924,3,-0.004,7
347,14,7,2.344053735894278,-1.4991553943946678,2,-0.004,7
348,14,8,2.7914881561960243,-1.288585077030174,1,-0.004,7
349,14,9,2.856135904685555,-2.6886853814439746,1,-0.004,12
350,14,10,2.5387829806334543,-3.482544460651685,1,-0.004,17
351,14,11,2.8255557202280035,-4.301048499091466,2,-0.004,22
352,14,12,3.414045178145867,-4.571892886946299,2,-0.004,23
353,14,13,3.2554442955578082,-4.066473054005773,2,-0.004,23
354,14,14,3.9283267494064424,-4.218971331243303,0,-0.004,23
355,14,15,3.454105243337091,-3.3529429266146322,0,-0.004,18
356,14,16,3.5392398867429735,-2.343401203867539,0,-0.004,13
357,14,17,3.5945115573955633,-1.4355768923802388,1,-0.004,8
358,14,18,3.1305153737950073,-2.877572347489608,1,-0.004,13
359,14,19,3.4525755191812086,-3.5281698719313335,1,-0.004,18
360,14,20,3.757042913779309,-4.716387722842137,0,-0.004,23
361,14,21,3.033076017239682,-3.479536583864683,0,-0.004,18
362,14,22,3.2408148499871556,-2.0217019576227058,0,-0.004,13
363,14,23,3.690726899824374,-1.0856953933861848,3,-0.004,8
364,14,24,3.797457436493647,-1.8283633921432867,2,-0.004,8
365,14,25,4.677172089527468,-1.8444627017772044,2,-0.004,9
366,14,26,4.167194696530211,-1.3075122100446923,1,-0.004,9
367,14,27,4.050910042781994,-2.672653652156901,1,-0.004,14
368,14,28,4.639729082536123,-3.1966858628383963,2,-0.004,19
369,14,29,4.612806874916807,-3.8335225920902256,0,-0.004,19
370,15,0,0.3420965821618672,-0.7233027454517105,2,-0.004,0
371,15,1,1.3389865082558465,-0.5323427868376819,2,-0.004,1
372,15,2,2.4353201524363737,-0.3864820595645292,1,-0.004,2
373,15,3,2.90865426488467,-1.3004576020199077,1,-0.004,7
374,15,4,2.9133456053833067,-2.341863884627044,3,-0.004,12
375,15,5,2.340914142589149,-2.3216476620111015,2,-0.004,12
376,15,6,2.9029686344243584,-2.975867596958552,1,-0.004,12
377,15,7,2.785328914960927,-3.061726710085176,1,-0.004,17
378,15,8,2.8594161684694215,-4.862863666434878,1,-0.004,22
379,15,9,2.319380952434933,-4.436140358053757,3,-0.004,22
380,15,10,1.613148900775374,-4.121773624719198,2,-0.004,21
381,15,11,2.6832647482205694,-4.404288062407547,2,-0.004,22
382,15,12,3.710930420683997,-4.1627958386288535,0,-0.004,23
383,15,13,3.8712733967376622,-3.4841520569729636,0,-0.004,18
384,15,14,3.9263738797536796,-2.9667350192371917,0,-0.004,13
385,15,15,3.4248229526646385,-1.254676256795209,2,-0.004,8
386,15,16,4.706880631091924,-1.5296946896730503,1,-0.004,9
387,15,17,4.207899073585672,-2.855606246583073,1,-0.004,14
388,15,18,4.29820968776599,-3.1517885813908633,1,-0.004,19
389,15,19,4.444655909520965,-4.845075758012818,None,1.0,24
390,16,0,0.9105421245569805,-0.12787572604610564,2,-0.004,0
391,16,1,1.13759491703616,-0.44514079935701234,2,-0.004,1
392,16,2,2.1835807697417273,-0.27094858010834777,1,-0.004,2
393,16,3,2.20393361196016,-1.4962823731016452,1,-0.004,7
394,16,4,2.4618987007089794,-2.704138224856118,0,-0.004,12
395,16,5,2.0002448022549406,-1.865410119400046,1,-0.004,7
396,16,6,2.2166039672370426,-2.9536593148567993,1,-0.004,12
397,16,7,2.1740816300628336,-3.964166710216033,1,-0.004,17
398,16,8,2.1975175782650704,-4.955919996513404,2,-0.004,22
399,16,9,3.6107491748363723,-4.186268547238966,0,-0.004,23
400,16,10,3.154159011719356,-3.2790395562299546,0,-0.004,18
401,16,11,3.32725718509311,-2.2958162107548046,3,-0.004,13
402,16,12,3.5276327657390594,-2.218485814983584,2,-0.004,13
403,16,13,3.139492721128419,-2.2806073703250194,0,-0.004,13
404,16,14,3.4097665487643694,-1.299319730607134,2,-0.004,8
405,16,15,4.444418765119281,-1.9780152723188946,1,-0.004,9
406,16,16,4.63983717447017,-2.716962613192549,0,-0.004,14
407,16,17,4.221370294637269,-1.990350414403765,1,-0.004,9
408,16,18,4.5318810623529515,-2.713904829646067,3,-0.004,14
409,16,19,4.311301520571121,-2.8590911556187617,1,-0.004,14
410,16,20,4.482000608219337,-3.032212166478904,1,-0.004,19
411,16,21,4.442203101678286,-4.080968041778127,None,1.0,24
412,17,0,0.3766100052974163,-0.9507771723527203,0,-0.004,0
413,17,1,0.34958458450871266,-0.36792747141602067,2,-0.004,0
414,17,2,1.558260535201704,-0.33952870548184666,2,-0.004,1
415,17,3,2.993410540696865,-0.6183151469672455,1,-0.004,2
416,17,4,2.7766765040964394,-1.107119895979436,1,-0.004,7
417,17,5,2.8461048422290407,-2.675840897162069,3,-0.004,12
418,17,6,2.487592116584412,-2.8665149312531018,2,-0.004,12
419,17,7,2.4616171471120447,-2.1260346636965943,1,-0.004,12
420,17,8,2.1937326251457194,-3.6342936614883423,1,-0.004,17
421,17,9,2.805788521167041,-4.449244492908877,2,-0.004,22
422,17,10,3.270992425525723,-4.6334345136831665,2,-0.004,23
423,17,11,3.528653203451668,-4.4201624237959,0,-0.004,23
424,17,12,3.2760566466646637,-3.7225636692577737,0,-0.004,18
425,17,13,3.2345371789163653,-2.0623747837702586,0,-0.004,13
426,17,14,3.893957117725986,-1.0893254988322636,2,-0.004,8
427,17,15,4.680249939388985,-1.1925888907635396,2,-0.004,9
428,17,16,4.086975152500957,-1.834510235391889,0,-0.004,9
429,17,17,4.8509135413634965,-0.2904163037023684,0,-0.004,4
430,17,18,4.729241271274859,-0.9306557381316056,2,-0.004,4
431,17,19,4.714129384260127,-0.7766271952956456,0,-0.004,4
432,17,20,4.129495051861761,-0.3318456119852705,0,-0.004,4
433,17,21,4.999656027456598,-0.8259013646185807,1,-0.004,4
434,17,22,4.332260638313938,-1.7644026348541986,1,-0.004,9
435,17,23,4.457856048737623,-2.051996520854557,1,-0.004,14
436,17,24,4.303185942586172,-3.7762921176824262,1,-0.004,19
437,17,25,4.3752306587802225,-4.596626153218227,None,1.0,24
438,18,0,0.7663580319403456,-0.5283547105325554,3,-0.004,0
439,18,1,0.2699676437366536,-0.39700219612773535,3,-0.004,0
440,18,2,0.8938907497475553,-0.21913209830110714,3,-0.004,0
441,18,3,0.41961960636867324,-0.055265525636398305,2,-0.004,0
442,18,4,1.4997748035279654,-0.04614008172166084,2,-0.004,1
443,18,5,2.2980050660266205,-0.062416870308846795,1,-0.004,2
444,18,6,2.386247344841432,-1.3009002887693275,3,-0.004,7
445,18,7,2.234122778663613,-1.4834188470538094,2,-0.004,7
446,18,8,2.639379396285334,-1.9219217390548355,3,-0.004,7
447,18,9,2.3401244988823997,-1.0457884649596867,2,-0.004,7
448,18,10,2.4929821447917995,-1.3595792690434847,3,-0.004,7
449,18,11,2.9613136911914113,-1.617459724007734,1,-0.004,7
450,18,12,2.663971757652938,-2.4307695791609008,1,-0.004,12
451,18,13,2.4498897598068874,-3.689479105188387,2,-0.004,17
452,18,14,2.181328482331876,-3.986197997747467,0,-0.004,17
453,18,15,2.9244658811873077,-2.577418623291501,1,-0.004,12
454,18,16,2.0961708196495548,-3.149076624400087,2,-0.004,17
455,18,17,2.9750545798404695,-3.042150777314328,1,-0.004,17
456,18,18,2.295668550484976,-4.244884934929939,2,-0.004,22
457,18,19,3.654215586406075,-4.548823607327207,3,-0.004,23
458,18,20,2.0549055507052048,-4.1545869384743614,2,-0.004,22
459,18,21,3.4836343996171135,-4.899419257749973,0,-0.004,23
460,18,22,3.183182917043478,-3.0811944608702753,2,-0.004,18
461,18,23,3.7691704815299314,-3.009561391223989,1,-0.004,18
462,18,24,3.363191204294714,-4.376280532072505,0,-0.004,23
463,18,25,3.56999830678683,-3.010957377468399,0,-0.004,18
464,18,26,3.4630435735033975,-2.08910975368626,0,-0.004,13
465,18,27,3.7733720122909733,-1.0949187665841258,2,-0.004,8
466,18,28,4.64735903944476,-1.2062492473557116,1,-0.004,9
467,18,29,4.858070437199441,-2.321122650390648,1,-0.004,14
468,19,0,0.7498274376954172,-0.3402997734430232,2,-0.004,0
469,19,1,1.6751479917657712,-0.5223442432783633,2,-0.004,1
470,19,2,2.172400335051913,-0.5370328216762121,1,-0.004,2
471,19,3,2.830011868115677,-1.1477919187065786,0,-0.004,7
472,19,4,2.74158045009566,-0.5074005987770233,0,-0.004,2
473,19,5,2.842842070767981,-0.9242908899298864,1,-0.004,2
474,19,6,2.322983766815147,-1.1572467468447227,2,-0.004,7
475,19,7,2.2890891108539546,-1.0086937032801941,1,-0.004,7
476,19,8,2.0743776844105346,-2.6065252770515808,2,-0.004,12
477,19,9,2.583087479856077,-2.105821406434421,0,-0.004,12
478,19,10,2.899918935331288,-1.8734806178651144,1,-0.004,7
479,19,11,2.0974617734729586,-2.9286128666777977,1,-0.004,12
480,19,12,2.6029933622766834,-3.029714710378713,1,-0.004,17
481,19,13,2.8515082155019744,-4.541631698457097,2,-0.004,22
482,19,14,3.6625714589874567,-4.835247508113486,1,-0.004,23
483,19,15,3.569756840790361,-4.167735184759994,2,-0.004,23
484,19,16,3.9166458507537594,-4.874393209392661,2,-0.004,23
485,19,17,3.6696442035820795,-4.796957181027811,0,-0.004,23
486,19,18,3.7619085107758794,-3.944689637162665,0,-0.004,18
487,19,19,3.8107444897541685,-2.8995201416816148,1,-0.004,13
488,19,20,3.7419793576692926,-3.6345576156134296,0,-0.004,18
489,19,21,3.5632735664130046,-2.5761595637621055,0,-0.004,13
490,19,22,3.935639475627891,-1.9026267520599591,0,-0.004,8
491,19,23,3.340404728663403,-1.0322559848180788,2,-0.004,8
492,19,24,4.473301874580794,-1.7413074093297403,1,-0.004,9
493,19,25,4.393556479741665,-2.7656201272284644,1,-0.004,14
494,19,26,4.225621999998859,-3.537426760181402,2,-0.004,19
495,19,27,4.285055635039461,-3.856516214825461,3,-0.004,19
496,19,28,4.563346999709371,-3.470348674352487,1,-0.004,19
497,19,29,4.310256193717856,-4.4838316468971335,None,1.0,24
498,20,0,0.900392579953024,-0.9994739879655857,2,-0.004,0
499,20,1,1.122719797257381,-0.4296815229454003,2,-0.004,1
500,20,2,2.493856875666479,-0.3145672470821368,1,-0.004,2
501,20,3,2.444463875713543,-1.7466541151778887,1,-0.004,7
502,20,4,2.7491857773349686,-2.041456780088696,1,-0.004,12
503,20,5,2.002337946801509,-3.0568396716617032,0,-0.004,17
504,20,6,2.72922753951835,-2.8857071866951083,1,-0.004,12
505,20,7,2.8173632007511933,-3.0126315076586234,2,-0.004,17
506,20,8,2.9020485687727087,-3.092392689565413,2,-0.004,17
507,20,9,2.2144945675229097,-3.4842905857984627,1,-0.004,17
508,20,10,2.3515569375780503,-4.422520637308926,2,-0.004,22
509,20,11,3.1165626972932268,-4.768748466183265,0,-0.004,23
510,20,12,3.8263369533341485,-3.368697331602676,3,-0.004,18
511,20,13,3.045431735749639,-3.040694628444173,2,-0.004,18
512,20,14,3.1700915089369315,-3.886270304871154,3,-0.004,18
513,20,15,3.7173420754702944,-3.295768002332138,2,-0.004,18
514,20,16,3.264951458616972,-3.6785007571031247,3,-0.004,18
515,20,17,3.677994847595751,-3.3330814422391146,0,-0.004,18
516,20,18,3.4728262039884243,-2.518164709703914,0,-0.004,13
517,20,19,3.4341162632009885,-1.9763574155029908,2,-0.004,8
518,20,20,4.7003085357086105,-1.5436235743133067,1,-0.004,9
519,20,21,4.770845552971772,-2.229549548043469,1,-0.004,14
520,20,22,4.038117850817351,-3.488662533082919,3,-0.004,19
521,20,23,4.377312904836094,-3.9540451777478065,1,-0.004,19
522,20,24,4.714104298981182,-4.42538395166663,None,1.0,24
523,21,0,0.6375966420541657,-0.3103561616881093,2,-0.004,0
524,21,1,1.1875899137455121,-0.5265437074981937,2,-0.004,1
525,21,2,2.0018518136546017,-0.9857371980882225,2,-0.004,2
526,21,3,2.3531136236090444,-0.6766451210948344,1,-0.004,2
527,21,4,2.2945107868425367,-1.8540801284273238,1,-0.004,7
528,21,5,2.5452417498357063,-2.584807460661392,0,-0.004,12
529,21,6,2.6410736749457673,-1.3110054195349314,1,-0.004,7
530,21,7,2.125751478198128,-2.025622548983016,1,-0.004,12
531,21,8,2.3250645108272185,-3.0720463186098024,1,-0.004,17
532,21,9,2.0055419226332996,-4.258848278552016,2,-0.004,22
533,21,10,3.771200575440043,-4.342517312837941,0,-0.004,23
534,21,11,3.1938842942229044,-3.008302205860735,0,-0.004,18
535,21,12,3.8071392945746743,-2.950688112487777,2,-0.004,13
536,21,13,3.079891471524631,-2.9037771186466017,0,-0.004,13
537,21,14,3.667528482086384,-1.1131472129276356,2,-0.004,8
538,21,15,4.919701697048433,-1.1446710584580575,1,-0.004,9
539,21,16,4.780124298448044,-2.133513794705422,1,-0.004,14
540,21,17,4.501020767223256,-3.2460435703397015,1,-0.004,19
541,21,18,4.645510748478832,-4.447607214845593,None,1.0,24
542,22,0,0.06909280307649912,-0.6416537252919766,1,-0.004,0
543,22,1,0.8150583518679889,-0.4408214341438579,3,-0.004,0
544,22,2,0.966546910847582,-0.6914120161901733,2,-0.004,0
545,22,3,1.8961091060869513,-0.4652971725163356,2,-0.004,1
546,22,4,2.119175148498164,-0.6470375621811717,0,-0.004,2
547,22,5,2.5710562555583873,-0.2874113032495713,2,-0.004,2
548,22,6,2.938717350650285,-0.6788243247840348,1,-0.004,2
549,22,7,2.2287375106544793,-1.5853786550851772,1,-0.004,7
550,22,8,2.630724055127841,-2.4104361985468015,1,-0.004,12
551,22,9,2.884247023567923,-3.050779170148198,2,-0.004,17
552,22,10,2.881033619976906,-3.87024782828696,1,-0.004,17
553,22,11,2.8817204325622203,-4.782908719557112,2,-0.004,22
554,22,12,3.8701702656194223,-4.527072599256819,0,-0.004,23
555,22,13,3.0334418489309276,-3.182781176917335,0,-0.004,18
556,22,14,3.527053317703027,-2.7275685888267462,0,-0.004,13
557,22,15,3.023402350959551,-1.2547343195928837,2,-0.004,8
558,22,16,4.011086225149297,-1.4220634709847122,1,-0.004,9
559,22,17,4.946088941949918,-2.3233890931571164,1,-0.004,14
560,22,18,4.294400312841222,-3.2651670659781757,1,-0.004,19
561,22,19,4.7798131916817574,-4.397587114944628,None,1.0,24
562,23,0,0.13764896822085648,-0.06870821975260866,2,-0.004,0
563,23,1,1.0930360515366349,-0.00994807882843829,2,-0.004,1
564,23,2,2.52874951827418,-0.16521595425548696,1,-0.004,2
565,23,3,2.172766340146912,-1.4163894547251492,1,-0.004,7
566,23,4,2.313544744829671,-2.2559866214046336,1,-0.004,12
567,23,5,2.5183099630051538,-3.534925970746358,1,-0.004,17
568,23,6,2.2027752593431345,-4.539196412393073,2,-0.004,22
569,23,7,3.8650548900673924,-4.6872788433021615,0,-0.004,23
570,23,8,3.968129977296612,-3.143634012506273,0,-0.004,18
571,23,9,3.886160810606598,-2.3285719219272103,0,-0.004,13
572,23,10,3.5256236943488597,-1.6019593975779904,2,-0.004,8
573,23,11,4.137192755543425,-1.8407815405252137,3,-0.004,9
574,23,12,3.390599509387598,-1.105590148717318,2,-0.004,8
575,23,13,4.0409083918019055,-1.404323620235561,1,-0.004,9
576,23,14,4.9240484725733555,-2.0856647839636846,1,-0.004,14
577,23,15,4.564720475660314,-3.5135320928123104,3,-0.004,19
578,23,16,4.6951303473071455,-3.483038818112039,1,-0.004,19
579,23,17,4.3663330438274635,-4.95641844070948,None,1.0,24
580,24,0,0.3104885240540649,-0.38165034096571393,2,-0.004,0
581,24,1,1.5237013997516184,-0.5600416951651015,2,-0.004,1
582,24,2,2.1776406986967776,-0.19767257513384506,2,-0.004,2
583,24,3,2.1726703808294188,-0.4754332867077292,3,-0.004,2
584,24,4,1.5590585690420893,-0.6015532125083632,2,-0.004,1
585,24,5,2.999415340132261,-0.15497630259666428,1,-0.004,2
586,24,6,2.786738554097516,-1.6716727836670255,0,-0.004,7
587,24,7,2.5854887595701044,-0.5301125835211894,1,-0.004,2
588,24,8,2.0218824836812597,-1.9183259043061587,1,-0.004,7
589,24,9,2.498476048001644,-2.088238434610032,0,-0.004,12
590,24,10,2.899556678810349,-1.7069340400911508,1,-0.004,7
591,24,11,2.037957125384723,-2.8734939468613714,3,-0.004,12
592,24,12,2.2956022041890765,-2.504441052788009,1,-0.004,12
593,24,13,2.6629109528107078,-3.107825085238967,1,-0.004,17
594,24,14,2.5417690686788967,-4.455946687597407,3,-0.004,22
595,24,15,1.5753392189928814,-4.508543387350347,2,-0.004,21
596,24,16,2.9544253062885932,-4.918250351858859,2,-0.004,22
597,24,17,3.6242660971390928,-4.6209177082811586,0,-0.004,23
598,24,18,3.740997968240051,-3.000697659026891,0,-0.004,18
599,24,19,3.03307128643683,-2.67424794800327,0,-0.004,13
600,24,20,3.0085803671751026,-1.1331793758229107,2,-0.004,8
601,24,21,4.7321864792023,-1.657040046796752,2,-0.004,9
602,24,22,4.730232287556058,-1.7716111941333834,1,-0.004,9
603,24,23,4.612154351151855,-2.170833102816318,1,-0.004,14
604,24,24,4.37181978221682,-3.428519154146707,1,-0.004,19
605,24,25,4.20496959484917,-4.3493680642740875,None,1.0,24
606,25,0,0.5757471106891561,-0.18536610327610625,0,-0.004,0
607,25,1,0.2687119258066959,-0.7563579633640212,2,-0.004,0
608,25,2,1.339946658727589,-0.22821443704797706,2,-0.004,1
609,25,3,2.882268287864397,-0.7860373878924573,1,-0.004,2
610,25,4,2.715391254008961,-1.9527330790691402,3,-0.004,7
611,25,5,2.9626156968142228,-1.1489520053006061,1,-0.004,7
612,25,6,2.6910719867839417,-2.185840383764237,1,-0.004,12
613,25,7,2.461363024690594,-3.406651682347066,1,-0.004,17
614,25,8,2.8968810659764475,-4.745010937907384,2,-0.004,22
615,25,9,3.366446551311972,-4.736885814334725,0,-0.004,23
616,25,10,3.2284314022758513,-3.480229127694965,3,-0.004,18
617,25,11,3.149833604550259,-3.3231584051616103,0,-0.004,18
618,25,12,3.806196711523058,-2.8051325242560936,2,-0.004,13
619,25,13,3.3823600353973617,-2.659898126935387,0,-0.004,13
620,25,14,3.318155536974789,-1.4611375331236958,2,-0.004,8
621,25,15,4.79810324000084,-1.6017241614870121,1,-0.004,9
622,25,16,4.294548477159858,-2.944178124374706,1,-0.004,14
623,25,17,4.716868369076374,-3.7209955441002656,1,-0.004,19
624,25,18,4.519841004443118,-4.00469157084544,None,1.0,24
625,26,0,0.6430957978691307,-0.22667187805902766,0,-0.004,0
626,26,1,0.6090732462194477,-0.18523406719009283,2,-0.004,0
627,26,2,1.2755155744939444,-0.3899583075668679,2,-0.004,1
628,26,3,2.804857572924819,-0.8885615489920472,1,-0.004,2
629,26,4,2.511521606878278,-1.7459778590113382,1,-0.004,7
630,26,5,2.06663928132703,-2.8173630812758432,2,-0.004,12
631,26,6,2.225385727296174,-2.6287907997163744,1,-0.004,12
632,26,7,2.628650005412111,-3.721434017799956,1,-0.004,17
633,26,8,2.7872286980053795,-4.555855555145841,2,-0.004,22
634,26,9,3.4296546276237607,-4.692247605845104,0,-0.004,23
635,26,10,3.86150128447772,-3.820358114709274,2,-0.004,18
636,26,11,3.00291103083194,-3.6278170376871186,0,-0.004,18
637,26,12,3.2107373380727413,-2.0731230016637094,2,-0.004,13
638,26,13,3.6604091947843376,-2.2111093804250475,0,-0.004,13
639,26,14,3.0222884706157167,-1.0124886604115295,2,-0.004,8
640,26,15,4.849363185226391,-1.7588141943260307,3,-0.004,9
641,26,16,3.490418741322805,-1.9162017366083435,2,-0.004,8
642,26,17,4.030885288697355,-1.607424380268603,1,-0.004,9
643,26,18,4.825372907373739,-2.8390718660168393,1,-0.004,14
644,26,19,4.915367642610975,-3.079187265079349,1,-0.004,19
645,26,20,4.788679566520168,-4.725745426207209,None,1.0,24
646,27,0,0.6150296665402366,-0.8625577140302917,2,-0.004,0
647,27,1,1.9513033589071522,-0.07332980610605777,2,-0.004,1
648,27,2,2.9863724543634174,-0.3225612016409476,0,-0.004,2
649,27,3,2.7983841861002503,-0.5651067934530024,0,-0.004,2
650,27,4,2.513270943188592,-0.06640892161820111,1,-0.004,2
651,27,5,2.1823455697776617,-1.4842965471511684,1,-0.004,7
652,27,6,2.6736167277474148,-2.784516787006229,2,-0.004,12
653,27,7,2.427359773949495,-2.9003421360894217,3,-0.004,12
654,27,8,2.0902755219500384,-2.583475594548995,1,-0.004,12
655,27,9,2.6069001278651336,-3.9672326139625946,1,-0.004,17
656,27,10,2.8219328706147833,-4.7856578427423875,3,-0.004,22
657,27,11,1.8952692113920664,-4.384941331247729,2,-0.004,21
658,27,12,2.722979494392026,-4.226321535089428,2,-0.004,22
659,27,13,3.9426370885122903,-4.311514644000746,0,-0.004,23
660,27,14,3.2800574186758604,-3.1088184445043323,1,-0.004,18
661,27,15,3.2016370957619267,-4.750584761298022,0,-0.004,23
662,27,16,3.57993976041489,-3.8851373550164787,0,-0.004,18
663,27,17,3.1305576445456214,-2.0255582686671714,0,-0.004,13
664,27,18,3.9448436163911653,-1.6358760518800135,2,-0.004,8
665,27,19,4.691593167584699,-1.751449995429679,1,-0.004,9
666,27,20,4.83645315708748,-2.57263994539805,0,-0.004,14
667,27,21,4.2802264980470754,-1.3189757242785367,1,-0.004,9
668,27,22,4.905602393722778,-2.5051154664081228,1,-0.004,14
669,27,23,4.845887700475211,-3.519559653176332,0,-0.004,19
670,27,24,4.2190700790432,-2.4070676585611497,1,-0.004,14
671,27,25,4.996119245392877,-3.0610468990119495,1,-0.004,19
672,27,26,4.7217414874705455,-4.4613620219714125,None,1.0,24
673,28,0,0.3792726874457969,-0.7297819406701268,1,-0.004,0
674,28,1,0.558931823458429,-0.6605080814964163,2,-0.004,0
675,28,2,1.5245894184156379,-0.2860581461013113,1,-0.004,1
676,28,3,1.5993067700658348,-1.2802586230928084,0,-0.004,6
677,28,4,1.2009527963771207,-0.013448183236225764,1,-0.004,1
678,28,5,1.853451519105875,-1.3916861330242778,0,-0.004,6
679,28,6,1.2888222248479124,-0.5193310167017967,2,-0.004,1
680,28,7,2.2444119717607283,-0.6907527579144565,1,-0.004,2
681,28,8,2.2302189599448696,-1.57934690241848,1,-0.004,7
682,28,9,2.455796465586546,-2.812337070892249,3,-0.004,12
683,28,10,2.400911801965259,-2.2955248579210803,1,-0.004,12
684,28,11,2.8948667600692337,-3.008391854455459,1,-0.004,17
685,28,12,2.1800998268682354,-4.455612868010954,2,-0.004,22
686,28,13,3.549088009518385,-4.206688926584011,0,-0.004,23
687,28,14,3.410151703166712,-3.6492884995586787,3,-0.004,18
688,28,15,3.8833976122965486,-3.2698094051743545,0,-0.004,18
689,28,16,3.0200681446751076,-2.1903846377767313,0,-0.004,13
690,28,17,3.698494033015778,-1.7299629991100465,2,-0.004,8
691,28,18,4.686008496247341,-1.2119364490747662,0,-0.004,9
692,28,19,4.751763846575027,-0.21835533403556362,1,-0.004,4
693,28,20,4.172778613329026,-1.8220445591689503,1,-0.004,9
694,28,21,4.068850226128318,-2.2215128638101342,3,-0.004,14
695,28,22,4.2773983367832695,-2.37113571849766,1,-0.004,14
696,28,23,4.86449914356727,-3.778323574892311,1,-0.004,19
697,28,24,4.420922248145301,-4.483611828584108,None,1.0,24
698,29,0,0.5354130109181643,-0.47989371915268286,3,-0.004,0
699,29,1,0.1767165857822498,-0.7701328124404881,2,-0.004,0
700,29,2,1.727341115959697,-0.33399966881230514,2,-0.004,1
701,29,3,2.0840176217318387,-0.4343950387235851,1,-0.004,2
702,29,4,2.890983479053504,-1.4755472790931536,1,-0.004,7
703,29,5,2.4469520675897103,-2.4893988134928624,2,-0.004,12
704,29,6,2.8405414115125174,-2.314301165992643,1,-0.004,12
705,29,7,2.7274790982753094,-3.8217434423414627,1,-0.004,17
706,29,8,2.055626760276699,-4.06736576498995,2,-0.004,22
707,29,9,3.009112098551308,-4.788187081622191,0,-0.004,23
708,29,10,3.8644260035184175,-3.4691817951794772,3,-0.004,18
709,29,11,3.28040138610114,-3.771798252716755,0,-0.004,18
710,29,12,3.2820293063456454,-2.854408997533287,0,-0.004,13
711,29,13,3.9717550645404525,-1.4277350356586505,2,-0.004,8
712,29,14,4.2561261769116365,-1.0923077044091487,1,-0.004,9
713,29,15,4.90172922461196,-2.520684492966316,1,-0.004,14
714,29,16,4.179317268578249,-3.104059711333393,3,-0.004,19
715,29,17,4.462836982275743,-3.446811715165447,1,-0.004,19
716,29,18,4.499642118856947,-4.425850635049114,None,1.0,24
717,30,0,0.537860273824632,-0.33455410568139243,2,-0.004,0
718,30,1,1.1600015529397476,-0.7700984678473066,2,-0.004,1
719,30,2,2.9090248116487873,-0.5727682624732837,1,-0.004,2
720,30,3,2.8897427396911164,-1.9162996774365553,1,-0.004,7
721,30,4,2.920226311118485,-2.0398883931800267,1,-0.004,12
722,30,5,2.0318810601765938,-3.1351611118498113,1,-0.004,17
723,30,6,2.712708144960758,-4.735713638043881,2,-0.004,22
724,30,7,3.584235517362205,-4.251748247596869,3,-0.004,23
725,30,8,2.2655333969792584,-4.72928582005977,1,-0.004,22
726,30,9,2.4050584175857264,-4.767875762048343,2,-0.004,22
727,30,10,3.7300159703539872,-4.225679287645046,0,-0.004,23
728,30,11,3.0963718069984787,-3.6259349251219213,2,-0.004,18
729,30,12,3.3449040824420058,-3.851804697928648,0,-0.004,18
730,30,13,3.3009641339854383,-2.155442033816561,3,-0.004,13
731,30,14,3.4971938089710912,-2.8298076526198654,0,-0.004,13
732,30,15,3.9634114859848744,-1.4329923512708573,3,-0.004,8
733,30,16,3.546290414623817,-1.0135131234240435,2,-0.004,8
734,30,17,4.952707032267019,-1.6012943795339154,1,-0.004,9
735,30,18,4.41922774114846,-2.2744230708003492,1,-0.004,14
736,30,19,4.676778615383688,-3.4284871031829782,0,-0.004,19
737,30,20,4.515523362464679,-2.9931604769257873,1,-0.004,14
738,30,21,4.838079760313404,-3.079520641506268,1,-0.004,19
739,30,22,4.480500858090441,-4.810927776861757,None,1.0,24
740,31,0,0.3896122044316589,-0.0810766903186032,2,-0.004,0
741,31,1,1.3998751374757743,-0.8552368620048354,0,-0.004,1
742,31,2,1.5345912989491843,-0.12742772384840695,2,-0.004,1
743,31,3,2.853483033395093,-0.3624202394896543,1,-0.004,2
744,31,4,2.3437606686917447,-1.867509600728536,1,-0.004,7
745,31,5,2.697792239384024,-2.0588391788467404,1,-0.004,12
746,31,6,2.799868440753213,-3.1439506294721125,1,-0.004,17
747,31,7,2.3370983529464144,-4.294001249839126,2,-0.004,22
748,31,8,3.2249526995783855,-4.90883092105465,0,-0.004,23
749,31,9,3.5404534280649393,-3.662397456801259,0,-0.004,18
750,31,10,3.223581290837409,-2.2704353070599326,1,-0.004,13
751,31,11,3.3404476889359547,-3.981552961639874,0,-0.004,18
752,31,12,3.087318841681227,-2.3507135256640046,1,-0.004,13
753,31,13,3.2211854648995075,-3.3984407970845987,0,-0.004,18
754,31,14,3.546304082763837,-2.2656467445380284,0,-0.004,13
755,31,15,3.8687283353444344,-1.3640161604961878,2,-0.004,8
756,31,16,4.61026404512395,-1.137935235003754,2,-0.004,9
757,31,17,4.70961659318059,-1.9725190858585306,2,-0.004,9
758,31,18,4.60988431489838,-1.3430683934839653,2,-0.004,9
759,31,19,4.531967805446903,-1.409767784162118,0,-0.004,9
760,31,20,4.49528957719139,-0.9229651439554604,1,-0.004,4
761,31,21,4.157461192909809,-1.8140138045020668,1,-0.004,9
762,31,22,4.764817994531432,-2.9776794306834518,1,-0.004,14
763,31,23,4.1687946873847945,-3.741473580878839,1,-0.004,19
764,31,24,4.623588438929616,-4.314347138262485,None,1.0,24
765,32,0,0.9044741950018264,-0.8382385264938754,3,-0.004,0
766,32,1,0.9502370249761842,-0.6431089945361077,2,-0.004,0
767,32,2,1.4063042256549136,-0.4598543394793868,2,-0.004,1
768,32,3,2.9582233544292187,-0.9459627882394672,1,-0.004,2
769,32,4,2.0232447153158257,-1.7762948876816163,1,-0.004,7
770,32,5,2.84683984776642,-2.4572835740183683,1,-0.004,12
771,32,6,2.4123628863921764,-3.2234946368414796,1,-0.004,17
772,32,7,2.3073945278047416,-4.014843190254777,2,-0.004,22
773,32,8,3.672568139670604,-4.136006335917981,0,-0.004,23
774,32,9,3.2871240458795814,-3.1868533819133136,0,-0.004,18
775,32,10,3.219482346719487,-2.318745558965113,3,-0.004,13
776,32,11,3.1342469779337487,-2.01094299079425,0,-0.004,13
777,32,12,3.280454165735791,-1.2277274288888833,1,-0.004,8
778,32,13,3.444957426561369,-2.573195836983512,0,-0.004,13
779,32,14,3.060509909688786,-1.1944675550644805,2,-0.004,8
780,32,15,4.903922982330031,-1.4170426700603538,1,-0.004,9
781,32,16,4.597125376852736,-2.6203769438712,0,-0.004,14
782,32,17,4.684196592904925,-1.8829660964913826,3,-0.004,9
783,32,18,3.1884100246769154,-1.9390998830678488,2,-0.004,8
784,32,19,4.1293528881395645,-1.6266727404330443,0,-0.004,9
785,32,20,4.060335998302821,-0.47548631574987177,0,-0.004,4
786,32,21,4.657709434305367,-0.5236821368704644,3,-0.004,4
787,32,22,3.1252244146525783,-0.0829661836661626,0,-0.004,3
788,32,23,3.4652090142550884,-0.7000445255012856,2,-0.004,3
789,32,24,4.844808081367345,-0.6594783164374033,1,-0.004,4
790,32,25,4.917002547663861,-1.2983690718925727,1,-0.004,9
791,32,26,4.88322397254645,-2.564861168495143,1,-0.004,14
792,32,27,4.181202161407531,-3.828157424434549,1,-0.004,19
793,32,28,4.842741252583317,-4.305700048412929,None,1.0,24
794,33,0,0.3681889820476755,-0.6229114230253623,3,-0.004,0
795,33,1,0.13481209417545525,-0.2605833015988499,2,-0.004,0
796,33,2,1.437788253819567,-0.8245562499038344,2,-0.004,1
797,33,3,2.9511206945737998,-0.9460667464219268,3,-0.004,2
798,33,4,1.3085891220402073,-0.9319121018087964,2,-0.004,1
799,33,5,2.341379216063068,-0.7242412993882519,3,-0.004,2
800,33,6,1.4130196606928531,-0.809269367517137,2,-0.004,1
801,33,7,2.986130291642753,-0.9027715510257683,1,-0.004,2
802,33,8,2.9335809083056996,-1.0189008803449762,1,-0.004,7
803,33,9,2.8279166908719713,-2.4310759627459464,0,-0.004,12
804,33,10,2.840144320006097,-1.277671326595501,0,-0.004,7
805,33,11,2.183480832300411,-0.4465214191687704,3,-0.004,2
806,33,12,1.3604700538107917,-0.31261553174137735,2,-0.004,1
807,33,13,2.4519855364744227,-0.43556396476668513,1,-0.004,2
808,33,14,2.48481575153738,-1.8929170738851993,1,-0.004,7
809,33,15,2.96356380094905,-2.860438524386924,1,-0.004,12
810,33,16,2.5458576402515964,-3.2643491594911285,2,-0.004,17
811,33,17,2.7071563072653504,-3.809979431551993,0,-0.004,17
812,33,18,2.0746327958226916,-2.1397332048700184,2,-0.004,12
813,33,19,2.749342548717964,-2.9789511893117693,0,-0.004,12
814,33,20,2.0105635121422663,-1.8789579531884786,3,-0.004,7
815,33,21,2.1604803320934254,-1.0717256386650609,2,-0.004,7
816,33,22,2.741210040544151,-1.3561890529588077,3,-0.004,7
817,33,23,2.2372593954929587,-1.6231822496840356,2,-0.004,7
818,33,24,2.8242199162983277,-1.6539428764981539,1,-0.004,7
819,33,25,2.4436902409781,-2.6057029740580675,1,-0.004,12
820,33,26,2.7372773817027167,-3.6054291229708166,2,-0.004,17
821,33,27,2.394506269169734,-3.3982055174712094,3,-0.004,17
822,33,28,2.0294000414824507,-3.8539306272012945,1,-0.004,17
823,33,29,2.638128580953414,-4.560594063593529,0,-0.004,22
824,34,0,0.7387600867809068,-0.5121854301441474,3,-0.004,0
825,34,1,0.6582239855880646,-0.5445543614310955,2,-0.004,0
826,34,2,1.1905162551504525,-0.7340829868145385,2,-0.004,1
827,34,3,2.25667984103153,-0.8781262554909914,1,-0.004,2
828,34,4,2.3182718227893875,-1.6145939304688461,0,-0.004,7
829,34,5,2.2339702099457233,-0.4426018762580797,0,-0.004,2
830,34,6,2.6526466014710173,-0.37632011189181447,1,-0.004,2
831,34,7,2.5099092884606518,-1.621944883096488,1,-0.004,7
832,34,8,2.8836424345586096,-2.187466698506645,3,-0.004,12
833,34,9,2.404219294272823,-2.619036677360817,1,-0.004,12
834,34,10,2.5203612533835007,-3.2662059746304157,2,-0.004,17
835,34,11,2.7415560940590513,-3.69279310788802,1,-0.004,17
836,34,12,2.333102441928657,-4.224912139944629,2,-0.004,22
837,34,13,3.2565833658812036,-4.477685570024662,2,-0.004,23
838,34,14,3.1231562814276645,-4.774675052107303,0,-0.004,23
839,34,15,3.9438696496166097,-3.1231409116483944,0,-0.004,18
840,34,16,3.4408871346190355,-2.7674734223805615,0,-0.004,13
841,34,17,3.1468165472361953,-1.8106605398100357,2,-0.004,8
842,34,18,4.2026626544406716,-1.8438198916924469,1,-0.004,9
843,34,19,4.2588718397678065,-2.453451709248995,1,-0.004,14
844,34,20,4.7072525734569135,-3.3506564307351963,1,-0.004,19
845,34,21,4.160092353903706,-4.212344043522638,None,1.0,24
846,35,0,0.7429325606454402,-0.6855090570874935,3,-0.004,0
847,35,1,0.7401972568912946,-0.5055669360448254,2,-0.004,0
848,35,2,1.0450139067600945,-0.6418692980979045,0,-0.004,1
849,35,3,1.752199839025395,-0.7793529861618532,2,-0.004,1
850,35,4,2.9484681315059476,-0.5454161770366428,1,-0.004,2
851,35,5,2.9252040961227035,-1.6139657297264298,1,-0.004,7
852,35,6,2.9858177680919615,-2.1264814153756095,1,-0.004,12
853,35,7,2.965240306617637,-3.3383536810830345,0,-0.004,17
854,35,8,2.8604672400214617,-2.515249525694513,0,-0.004,12
855,35,9,2.8742530924811915,-1.2371255296040191,1,-0.004,7
856,35,10,2.6435951578262378,-2.986753139543155,1,-0.004,12
857,35,11,2.4303211744768047,-3.962629445923968,1,-0.004,17
858,35,12,2.8018310261405737,-4.604401254235826,2,-0.004,22
859,35,13,3.830755561863051,-4.120000465152571,0,-0.004,23
860,35,14,3.3023588571582208,-3.8753828791932494,0,-0.004,18
861,35,15,3.5543216112531946,-2.00418236506793,0,-0.004,13
862,35,16,3.312670751561253,-1.0923501867210454,0,-0.004,8
863,35,17,3.996785528984464,-1.961854848828886,2,-0.004,8
864,35,18,4.280820807486597,-1.4129267640079566,1,-0.004,9
865,35,19,4.405924354963944,-2.060082629756814,0,-0.004,14
866,35,20,4.858095320911252,-1.2055063357176588,0,-0.004,9
867,35,21,4.304179529641562,-0.7081589783827493,1,-0.004,4
868,35,22,4.804398076776988,-1.7912550074336906,1,-0.004,9
869,35,23,4.326610456196859,-2.0727438259180313,2,-0.004,14
870,35,24,4.292277433952406,-2.1177075783653665,1,-0.004,14
871,35,25,4.430861718845627,-3.4490216609033686,1,-0.004,19
872,35,26,4.23896977015531,-4.19151770655934,None,1.0,24
873,36,0,0.15023656556458553,-0.9251231165680099,2,-0.004,0
874,36,1,1.9810590357629452,-0.3189785821133154,2,-0.004,1
875,36,2,2.441178440650653,-0.8788121414471852,1,-0.004,2
876,36,3,2.3767526604631573,-1.3324515807525954,1,-0.004,7
877,36,4,2.203528285101668,-2.608312128271989,1,-0.004,12
878,36,5,2.6552477321845633,-3.303130371475871,0,-0.004,17
879,36,6,2.8459546008799372,-2.316349707918327,1,-0.004,12
880,36,7,2.330087573772861,-3.3740816797803976,2,-0.004,17
881,36,8,2.9695803103539413,-3.4224196932784174,1,-0.004,17
882,36,9,2.1516455454430705,-4.19183952504009,2,-0.004,22
883,36,10,3.4978275808606805,-4.9902577093291285,2,-0.004,23
884,36,11,3.255902676563704,-4.881717181468616,0,-0.004,23
885,36,12,3.3605476603642543,-3.112268124927999,1,-0.004,18
886,36,13,3.997964656649905,-4.669470538743137,0,-0.004,23
887,36,14,3.7765553008960815,-3.8753737547075033,0,-0.004,18
888,36,15,3.5038719618971745,-2.1988226378025266,0,-0.004,13
889,36,16,3.777058436033302,-1.1910951164612342,2,-0.004,8
890,36,17,4.352727149601278,-1.249039512800138,1,-0.004,9
891,36,18,4.853377660303766,-2.302767645072218,1,-0.004,14
892,36,19,4.092726897623723,-3.067564854771413,0,-0.004,19
893,36,20,4.005904189959797,-2.164149316492109,1,-0.004,14
894,36,21,4.738258537379853,-3.554706314647623,1,-0.004,19
895,36,22,4.759346407230665,-4.088339222484389,None,1.0,24
896,37,0,0.27044988252659863,-0.9549266429495042,1,-0.004,0
897,37,1,0.197813544245951,-0.14044681073389886,2,-0.004,0
898,37,2,1.326317949573642,-0.40196072165324925,2,-0.004,1
899,37,3,2.27997306825929,-0.016397014680598954,3,-0.004,2
900,37,4,1.7003367784816201,-0.4338590659887005,2,-0.004,1
901,37,5,2.721054581713621,-0.4555171878321066,1,-0.004,2
902,37,6,2.187302283768315,-1.4490618187881452,1,-0.004,7
903,37,7,2.9274428231675405,-2.732764185508956,1,-0.004,12
904,37,8,2.211328450018577,-3.4170850888807993,1,-0.004,17
905,37,9,2.1500528495830484,-4.5473516590717855,2,-0.004,22
906,37,10,3.985620566015697,-4.667360614590747,0,-0.004,23
907,37,11,3.7526416067160744,-3.268901694212483,0,-0.004,18
908,37,12,3.1959242724402728,-2.0324266326585025,3,-0.004,13
909,37,13,3.244564597537193,-2.6088539318980852,0,-0.004,13
910,37,14,3.6650353749813362,-1.006771180022063,2,-0.004,8
911,37,15,4.220740020731388,-1.3106984026108106,1,-0.004,9
912,37,16,4.162455989736976,-2.95883042487038,1,-0.004,14
913,37,17,4.855355909423177,-3.608363825093794,1,-0.004,19
914,37,18,4.3212315210970385,-4.878031183627109,None,1.0,24
915,38,0,0.592283256630255,-0.31899037188973567,2,-0.004,0
916,38,1,1.7697001598320568,-0.10221177407095694,2,-0.004,1
917,38,2,2.2607242222370325,-0.7898293118883959,3,-0.004,2
918,38,3,1.094110250645309,-0.06873618727540465,2,-0.004,1
919,38,4,2.447301818963764,-0.5661208813383489,1,-0.004,2
920,38,5,2.873789253890327,-1.6591969029908116,1,-0.004,7
921,38,6,2.729114996179113,-2.0896172894760747,1,-0.004,12
922,38,7,2.3592777092753,-3.9572625175506424,1,-0.004,17
923,38,8,2.739683385131322,-4.484547561256873,2,-0.004,22
924,38,9,3.318994425945528,-4.5893805882842,0,-0.004,23
925,38,10,3.441576637134145,-3.752185252985093,0,-0.004,18
926,38,11,3.6094554998480275,-2.17631944106825,0,-0.004,13
927,38,12,3.833381931308062,-1.0008053879058632,0,-0.004,8
928,38,13,3.8232430438909706,-1.4620958744852186,1,-0.004,8
929,38,14,3.190361939185012,-2.452589781789559,0,-0.004,13
930,38,15,3.2153079028428797,-1.1166099760104147,2,-0.004,8
931,38,16,4.764538995388699,-1.342960252000075,1,-0.004,9
932,38,17,4.057518781808381,-2.1191739872820508,2,-0.004,14
933,38,18,4.527036024350683,-2.3006012856602287,0,-0.004,14
934,38,19,4.654241346784183,-1.944735142848056,0,-0.004,9
935,38,20,4.360243887479666,-0.5727697481814464,0,-0.004,4
936,38,21,4.0882125357799035,-0.31190559469677526,0,-0.004,4
937,38,22,4.088445386185429,-0.881779782367255,1,-0.004,4
938,38,23,4.189113080522879,-1.922159072022248,1,-0.004,9
939,38,24,4.886638819403304,-2.661175529727669,0,-0.004,14
940,38,25,4.060666677419713,-1.187321155565012,1,-0.004,9
941,38,26,4.075153266827459,-2.5311690368641595,0,-0.004,14
942,38,27,4.876657058804639,-1.8856910026247844,0,-0.004,9
943,38,28,4.144220057328015,-0.9303624232332023,1,-0.004,4
944,38,29,4.456037953450143,-1.2359425340849761,0,-0.004,9
945,39,0,0.13281496909075607,-0.4071736166422715,2,-0.004,0
946,39,1,1.012115790759777,-0.2564221435291557,1,-0.004,1
947,39,2,1.7370151619428449,-1.2320439403339019,0,-0.004,6
948,39,3,1.9151701625122302,-0.6370357488395695,0,-0.004,1
949,39,4,1.3801648937483955,-0.2987745347586861,2,-0.004,1
950,39,5,2.6822167597653777,-0.17190708688334733,0,-0.004,2
951,39,6,2.3933663756880117,-0.8085752230847211,1,-0.004,2
952,39,7,2.983771410091191,-1.6491221954231319,1,-0.004,7
953,39,8,2.4917556754333705,-2.611712456447386,1,-0.004,12
954,39,9,2.6128163203376964,-3.878400106894884,1,-0.004,17
955,39,10,2.7355777303174866,-4.282202084716819,2,-0.004,22
956,39,11,3.0492859633368665,-4.548228047157428,2,-0.004,23
957,39,12,3.926229650639755,-4.981435833471264,0,-0.004,23
958,39,13,3.001172127343376,-3.1701291400036573,1,-0.004,18
959,39,14,3.2951462292058142,-4.731036148058663,0,-0.004,23
960,39,15,3.672691393671471,-3.1250545171081843,0,-0.004,18
961,39,16,3.7759653104260806,-2.840319284181149,0,-0.004,13
962,39,17,3.5910612942344615,-1.9969521342621626,3,-0.004,8
963,39,18,3.4900818594155023,-1.171210680593342,2,-0.004,8
964,39,19,4.723700422183267,-1.2555184231257286,1,-0.004,9
965,39,20,4.668656017875171,-2.9384573023800082,1,-0.004,14
966,39,21,4.430124381487633,-3.577366035096341,1,-0.004,19
967,39,22,4.578456225350386,-4.059949264185599,None,1.0,24
968,40,0,0.4231306877892723,-0.8751228393115302,2,-0.004,0
969,40,1,1.9781381274076044,-0.38736357952365474,2,-0.004,1
970,40,2,2.181929324404771,-0.29016240950955097,1,-0.004,2
971,40,3,2.3129291626670847,-1.7288125903080633,2,-0.004,7
972,40,4,2.3189109220927673,-1.8000560737290088,2,-0.004,7
973,40,5,2.3586354067097144,-1.2600838250598978,1,-0.004,7
974,40,6,2.737528905498432,-2.759704215756342,3,-0.004,12
975,40,7,2.7226463149527227,-2.541858969142212,1,-0.004,12
976,40,8,2.6962717333240507,-3.8123352975789597,1,-0.004,17
977,40,9,2.157969665856253,-4.8197502766069,2,-0.004,22
978,40,10,3.494550434743943,-4.928929434103746,0,-0.004,23
979,40,11,3.7028172984691543,-3.92905222082129,0,-0.004,18
980,40,12,3.826173419366872,-2.656484182144437,0,-0.004,13
981,40,13,3.914755506204701,-1.1456963813097434,2,-0.004,8
982,40,14,4.866646878988817,-1.6291247402729394,1,-0.004,9
983,40,15,4.984998654487236,-2.420267629170554,1,-0.004,14
984,40,16,4.978007838858066,-3.911547422854575,1,-0.004,19
985,40,17,4.769924146265203,-4.895456833263403,None,1.0,24
986,41,0,0.24420542801738132,-0.0972052136514866,2,-0.004,0
987,41,1,1.3249973934293666,-0.2621302556369868,2,-0.004,1
988,41,2,2.8004707975787975,-0.937961301775689,1,-0.004,2
989,41,3,2.150274548309715,-1.4102559010294753,1,-0.004,7
990,41,4,2.5460298999303155,-2.886110763554878,1,-0.004,12
991,41,5,2.5538596912395164,-3.338167856313597,1,-0.004,17
992,41,6,2.758793021431587,-4.603435650659598,1,-0.004,22
993,41,7,2.4723256177718653,-4.207414552715736,0,-0.004,22
994,41,8,2.5678987892414815,-3.447632808375305,1,-0.004,17
995,41,9,2.7961627228199046,-4.519716905391221,1,-0.004,22
996,41,10,2.3889481914558646,-4.541332826332418,2,-0.004,22
997,41,11,3.2097043875598894,-4.547052240734785,0,-0.004,23
998,41,12,3.0592454092980597,-3.480738022118848,0,-0.004,18
999,41,13,3.2753088492072946,-2.8372811768827026,0,-0.004,13
1000,41,14,3.696491637022834,-1.3147956560520013,3,-0.004,8
1001,41,15,3.0132942612616667,-1.773699216478466,2,-0.004,8
1002,41,16,4.576171625410205,-1.9158879179248958,0,-0.004,9
1003,41,17,4.245744463384615,-0.3584791441542221,1,-0.004,4
1004,41,18,4.210701743502884,-1.5878427666896218,1,-0.004,9
1005,41,19,4.7777448668031415,-2.119362258730064,1,-0.004,14
1006,41,20,4.677403671912832,-3.2955096349391386,1,-0.004,19
1007,41,21,4.303228806349507,-4.79193982733309,None,1.0,24
1008,42,0,0.08436932010152598,-0.05185626737002236,2,-0.004,0
1009,42,1,1.9838830487658914,-0.8542340579126725,2,-0.004,1
1010,42,2,2.9445780521700344,-0.5145316609164355,1,-0.004,2
1011,42,3,2.5094819354553737,-1.8943157767329328,1,-0.004,7
1012,42,4,2.5999879198708093,-2.1307036128790937,1,-0.004,12
1013,42,5,2.0158007372795765,-3.221871008373876,1,-0.004,17
1014,42,6,2.0740430073020857,-4.570204633569824,2,-0.004,22
1015,42,7,3.115781019192339,-4.525303883940176,2,-0.004,23
1016,42,8,3.708583117832796,-4.114378217270431,0,-0.004,23
1017,42,9,3.253153879655293,-3.6146086197974885,0,-0.004,18
1018,42,10,3.9645537789279883,-2.4832469872713103,0,-0.004,13
1019,42,11,3.36995444386611,-1.8924326698683887,3,-0.004,8
1020,42,12,3.137567137575058,-1.9747851276725281,0,-0.004,8
1021,42,13,3.7167707193615325,-1.43152806498053,2,-0.004,8
1022,42,14,4.754285480587266,-1.293285416754601,1,-0.004,9
1023,42,15,4.162619427586385,-2.649229729823241,1,-0.004,14
1024,42,16,4.243817046577693,-3.406591620439691,2,-0.004,19
1025,42,17,4.540532339209537,-3.137034557298307,2,-0.004,19
1026,42,18,4.9866595669882265,-3.0207113149619955,1,-0.004,19
1027,42,19,4.176082353522771,-4.903679823330313,None,1.0,24
1028,43,0,0.6857979714011426,-0.36172357282722045,2,-0.004,0
1029,43,1,1.0551993674632465,-0.7646687243289801,2,-0.004,1
1030,43,2,2.7637685600687187,-0.8861847510691777,1,-0.004,2
1031,43,3,2.4661979941986845,-1.8556336160494682,1,-0.004,7
1032,43,4,2.9875886745773994,-2.9768656512206992,1,-0.004,12
1033,43,5,2.2110297778673136,-3.052928311726399,1,-0.004,17
1034,43,6,2.311354105230096,-4.661717184016975,1,-0.004,22
1035,43,7,2.0934470285996234,-4.848026966101678,1,-0.004,22
1036,43,8,2.7143574134809847,-4.020418661621112,2,-0.004,22
1037,43,9,3.7504265507510715,-4.751539534788133,0,-0.004,23
1038,43,10,3.0448276911657857,-3.793204483535547,0,-0.004,18
1039,43,11,3.4283934304314854,-2.790229710740372,0,-0.004,13
1040,43,12,3.2790594517950526,-1.4272891726408339,1,-0.004,8
1041,43,13,3.4132991849119474,-2.833269031625724,0,-0.004,13
1042,43,14,3.135792212557244,-1.7799992288830766,2,-0.004,8
1043,43,15,4.130121397117607,-1.2610082324119023,1,-0.004,9
1044,43,16,4.748553509396506,-2.859203264344189,0,-0.004,14
1045,43,17,4.565867395932929,-1.5818388722449528,1,-0.004,9
1046,43,18,4.826516698366738,-2.7361232491642657,2,-0.004,14
1047,43,19,4.5994774464143005,-2.109708261652019,1,-0.004,14
1048,43,20,4.312485531964588,-3.336659847796467,1,-0.004,19
1049,43,21,4.232804730292073,-4.89884817605164,None,1.0,24
1050,44,0,0.4989468221211557,-0.8836537170487496,2,-0.004,0
1051,44,1,1.414393294317201,-0.6952274331383769,2,-0.004,1
1052,44,2,2.356572640184201,-0.8680102841122496,1,-0.004,2
1053,44,3,2.8357670432892244,-1.295502143411091,1,-0.004,7
1054,44,4,2.453591635066508,-2.2802601395141417,1,-0.004,12
1055,44,5,2.5061228566979343,-3.06611502938806,1,-0.004,17
1056,44,6,2.8501650131062597,-4.8104210535446486,2,-0.004,22
1057,44,7,3.951289493944351,-4.923156069087537,0,-0.004,23
1058,44,8,3.066489986888816,-3.866480255743712,0,-0.004,18
1059,44,9,3.369874629458052,-2.509519306800784,0,-0.004,13
1060,44,10,3.9661535601299347,-1.3971418200311563,2,-0.004,8
1061,44,11,4.647182991905693,-1.6859480448662834,1,-0.004,9
1062,44,12,4.3800969663067795,-2.8811394708179443,0,-0.004,14
1063,44,13,4.585904461723501,-1.4974783031685384,1,-0.004,9
1064,44,14,4.10405608729666,-2.749924009406309,1,-0.004,14
1065,44,15,4.152028267027404,-3.4741225705317818,2,-0.004,19
1066,44,16,4.038900713044896,-3.336158024108965,1,-0.004,19
1067,44,17,4.62383736106,-4.115524380407998,None,1.0,24
1068,45,0,0.7121938649427019,-0.7044537738998334,0,-0.004,0
1069,45,1,0.19308084109694956,-0.9576532095166217,2,-0.004,0
1070,45,2,1.1807650558310971,-0.21244133394847853,2,-0.004,1
1071,45,3,2.9349558655644747,-0.4553465828881822,3,-0.004,2
1072,45,4,1.842007050555108,-0.2808779267530168,1,-0.004,1
1073,45,5,1.6276231843827524,-1.4820199731888888,1,-0.004,6
1074,45,6,1.3681384915105288,-2.076245671094784,0,-0.004,11
1075,45,7,1.568010909935202,-1.2850922044058795,0,-0.004,6
1076,45,8,1.2340384651163894,-0.9701233977603049,1,-0.004,1
1077,45,9,1.1530500860779207,-1.5609150107188259,0,-0.004,6
1078,45,10,1.7352481186081952,-0.6355716535808599,2,-0.004,1
1079,45,11,2.7848375045406595,-0.11209155993531084,1,-0.004,2
1080,45,12,2.574098175849292,-1.578578795450812,1,-0.004,7
1081,45,13,2.4163685846786778,-2.4064961570338,3,-0.004,12
1082,45,14,2.461050766679903,-2.954322446834701,1,-0.004,12
1083,45,15,2.4231111598935073,-3.37763580021545,1,-0.004,17
1084,45,16,2.085693894962988,-4.035475989334048,0,-0.004,22
1085,45,17,2.546362991055806,-3.9159872317359294,3,-0.004,17
1086,45,18,2.317226935646436,-3.400632504904869,1,-0.004,17
1087,45,19,2.734865018749046,-4.213100492129983,2,-0.004,22
1088,45,20,3.0991577281670137,-4.267217928553968,2,-0.004,23
1089,45,21,3.4942941842196804,-4.135386733867111,0,-0.004,23
1090,45,22,3.559212464159432,-3.58935958049334,0,-0.004,18
1091,45,23,3.8074810462449125,-2.8585142040379723,0,-0.004,13
1092,45,24,3.3651261223108824,-1.1702017178688768,2,-0.004,8
1093,45,25,4.403417030402521,-1.1877715419578168,1,-0.004,9
1094,45,26,4.935229969430797,-2.5908609016668076,1,-0.004,14
1095,45,27,4.359674976927913,-3.4647936733016724,1,-0.004,19
1096,45,28,4.286607490129469,-4.441644545132328,None,1.0,24
1097,46,0,0.28326556535682645,-0.5589109411726141,2,-0.004,0
1098,46,1,1.6841299131117964,-0.5745297900465258,2,-0.004,1
1099,46,2,2.882298429595097,-0.31640127663163586,1,-0.004,2
1100,46,3,2.9874781449832817,-1.669378523261467,0,-0.004,7
1101,46,4,2.694809797926914,-0.4973322005159526,1,-0.004,2
1102,46,5,2.3713196714136826,-1.1264233355719584,2,-0.004,7
1103,46,6,2.378524638400339,-1.7546442072114332,1,-0.004,7
1104,46,7,2.9181093673273133,-2.602559711598555,1,-0.004,12
1105,46,8,2.6659387989949446,-3.6575492671764267,2,-0.004,17
1106,46,9,2.4219501402230406,-3.523884790153178,1,-0.004,17
1107,46,10,2.3503491690111846,-4.113205033409908,2,-0.004,22
1108,46,11,3.815505836244958,-4.640683155253342,0,-0.004,23
1109,46,12,3.3670244535035554,-3.9951956587532624,0,-0.004,18
1110,46,13,3.490081175980372,-2.6436371109932315,0,-0.004,13
1111,46,14,3.359776142246914,-1.0621347503003316,2,-0.004,8
1112,46,15,4.841216684856649,-1.5414186559806644,0,-0.004,9
1113,46,16,4.2450161375874265,-0.7983911963377951,1,-0.004,4
1114,46,17,4.13507644183437,-1.573285962531477,2,-0.004,9
1115,46,18,4.5785169070858585,-1.2117740256952856,3,-0.004,9
1116,46,19,3.3622640026150403,-1.5826120177323033,2,-0.004,8
1117,46,20,4.378348326693561,-1.6840232437174394,0,-0.004,9
1118,46,21,4.7030640656470775,-0.16452542602594378,1,-0.004,4
1119,46,22,4.373020633624097,-1.0023345026369817,3,-0.004,9
1120,46,23,3.6380029835035774,-1.6795678483742673,2,-0.004,8
1121,46,24,4.807590987984967,-1.4964062009063115,0,-0.004,9
1122,46,25,4.216425027848233,-0.9988268959472569,1,-0.004,4
1123,46,26,4.255112287571112,-1.9276677058620217,1,-0.004,9
1124,46,27,4.398287643444933,-2.388082087128046,1,-0.004,14
1125,46,28,4.637201115556612,-3.571599717072695,0,-0.004,19
1126,46,29,4.05972952718713,-2.2140931534055706,1,-0.004,14
1127,47,0,0.8290643494958522,-0.48713556408409586,2,-0.004,0
1128,47,1,1.1501050001293829,-0.9829688056205749,2,-0.004,1
1129,47,2,2.6678645516922224,-0.36947506124208296,0,-0.004,2
1130,47,3,2.6788264653994127,-0.6730987566277278,2,-0.004,2
1131,47,4,2.7790956396859254,-0.8873559764142794,3,-0.004,2
1132,47,5,1.1883460917615893,-0.5985163664981746,2,-0.004,1
1133,47,6,2.8213241178453514,-0.29301111189383233,1,-0.004,2
1134,47,7,2.257871109314032,-1.0074347549372495,3,-0.004,7
1135,47,8,2.172979430211269,-1.559752162516443,2,-0.004,7
1136,47,9,2.6609307747106037,-1.6331481605499927,1,-0.004,7
1137,47,10,2.5388097992801226,-2.304607721164859,1,-0.004,12
1138,47,11,2.2846186073253936,-3.1064263886915797,0,-0.004,17
1139,47,12,2.0230048082061516,-2.2619997668005136,1,-0.004,12
1140,47,13,2.7051201793758874,-3.9318008075554163,3,-0.004,17
1141,47,14,2.3048800309973094,-3.6817243352363245,1,-0.004,17
1142,47,15,2.403502847603332,-4.923129682350295,2,-0.004,22
1143,47,16,3.722318815920321,-4.343409422002914,1,-0.004,23
1144,47,17,3.8798608229849405,-4.477895195926957,0,-0.004,23
1145,47,18,3.8502895707246543,-3.559374391552535,0,-0.004,18
1146,47,19,3.8191164548821255,-2.1217575082212217,1,-0.004,13
1147,47,20,3.80365480223828,-3.543193854095489,0,-0.004,18
1148,47,21,3.876149570463346,-2.7695035640717447,0,-0.004,13
1149,47,22,3.1324370633076244,-1.4545181734697836,2,-0.004,8
1150,47,23,4.680238529331341,-1.774044284928042,1,-0.004,9
1151,47,24,4.568093765536806,-2.2386447300232186,3,-0.004,14
1152,47,25,4.836999073247307,-2.9839280054144677,1,-0.004,14
1153,47,26,4.511641442886264,-3.648193305255273,1,-0.004,19
1154,47,27,4.222390757298685,-4.600860793794513,None,1.0,24
1155,48,0,0.15925420278614422,-0.67616812330104,2,-0.004,0
1156,48,1,1.2771793038490307,-0.3382029353577958,2,-0.004,1
1157,48,2,2.907783521535004,-0.35971030547471816,1,-0.004,2
1158,48,3,2.5130899378489566,-1.7695122229177227,3,-0.004,7
1159,48,4,2.871568447638765,-1.2028025330053909,1,-0.004,7
1160,48,5,2.465769622421213,-2.7989651099186483,1,-0.004,12
1161,48,6,2.1068592350989714,-3.6942983331621533,2,-0.004,17
1162,48,7,2.0507875227576227,-3.6194070242206644,1,-0.004,17
1163,48,8,2.5869822362815236,-4.059186508891347,3,-0.004,22
1164,48,9,1.303425974382321,-4.2555933912391195,2,-0.004,21
1165,48,10,2.6403666871831066,-4.6084305539457935,2,-0.004,22
1166,48,11,3.6275542465434247,-4.360871311406909,0,-0.004,23
1167,48,12,3.864060663021547,-3.774719349204024,0,-0.004,18
1168,48,13,3.4687956682681222,-2.48056605060339,0,-0.004,13
1169,48,14,3.13725411691843,-1.1840218110063696,2,-0.004,8
1170,48,15,4.010622510828929,-1.5282626252785263,1,-0.004,9
1171,48,16,4.860902344949323,-2.1662627290280096,1,-0.004,14
1172,48,17,4.893038224455546,-3.193286362940412,0,-0.004,19
1173,48,18,4.065686535326307,-2.556389009625007,2,-0.004,14
1174,48,19,4.572511112895875,-2.58370615642411,1,-0.004,14
1175,48,20,4.691664887060316,-3.142048300091882,1,-0.004,19
1176,48,21,4.6878807044489434,-4.2199871847150145,None,1.0,24
1177,49,0,0.6954376139569928,-0.31185854131174506,2,-0.004,0
1178,49,1,1.1708072950191015,-0.8614811818722095,2,-0.004,1
1179,49,2,2.953621159838396,-0.5114185549543993,1,-0.004,2
1180,49,3,2.6006966084018037,-1.5228377544271372,1,-0.004,7
1181,49,4,2.028713984667813,-2.9737364000467976,1,-0.004,12
1182,49,5,2.151323907607091,-3.129990964401231,1,-0.004,17
1183,49,6,2.453239292950469,-4.396043961843581,3,-0.004,22
1184,49,7,1.9788042480802694,-4.086655607956961,3,-0.004,21
1185,49,8,1.7109051527735795,-4.338529668377845,2,-0.004,21
1186,49,9,2.1340032288856614,-4.508086059403054,2,-0.004,22
1187,49,10,3.9151226835784776,-4.387729992736384,0,-0.004,23
1188,49,11,3.3672948255076824,-3.473366547698971,0,-0.004,18
1189,49,12,3.628536569992759,-2.1535989108051323,1,-0.004,13
1190,49,13,3.060187506965184,-3.1610316077310667,0,-0.004,18
1191,49,14,3.8679732207283477,-2.4667286864881124,3,-0.004,13
1192,49,15,3.8521736594681686,-2.9326514819111846,0,-0.004,13
1193,49,16,3.19914509789547,-1.355560546197831,2,-0.004,8
1194,49,17,4.246163233896157,-1.4546482043628925,1,-0.004,9
1195,49,18,4.281654747544754,-2.1499755918173387,1,-0.004,14
1196,49,19,4.99626175281237,-3.631906837027851,1,-0.004,19
1197,49,20,4.081808503568564,-4.923277719410897,None,1.0,24
